"id","name","unit","stockQty","notes","createdAt","updatedAt","unitCostUAH","category","color"
"cmmnzkdbp0000xqkngy01uq9x","Керамічні намистини","шт","100","Категорія: Бусини | Колір/Форма: Різнокольорві | Ціна у валюті: 3.67 | excelRow=2","2026-03-12 21:34:40.464","2026-03-23 15:33:49.17","1.527","BEADS",""
"cmmnzkdbp0001xqkn1213ohe1","Акрил яблучка","шт","10","Категорія: Бусини | Колір/Форма: Червоний | Ціна у валюті: 1.68 | excelRow=3","2026-03-12 21:34:40.464","2026-03-23 15:27:12.53","6.989","BEADS",""
"cmmnzkdbp0002xqknp44jq38s","Акрил зірки","шт","10","Категорія: Бусини | Ціна у валюті: 1.74 | excelRow=4","2026-03-12 21:34:40.464","2026-03-23 15:26:15.968","7.238","BEADS",""
"cmmnzkdbp0003xqkn3iix5wki","Акрилові перли","шт","100","Категорія: Бусини | Колір/Форма: Білий | Ціна у валюті: 2.11 | 0.95 см | excelRow=5","2026-03-12 21:34:40.464","2026-03-23 15:27:24.061","0.878","BEADS",""
"cmmnzkdbp0004xqknsnvygl1d","Скляні бамбукові","шт","150","Категорія: Бусини | Ціна у валюті: 3.3 | excelRow=6","2026-03-12 21:34:40.464","2026-03-23 15:33:06.538","0.915","BEADS",""
"cmmnzkdbp0005xqknu6uaj8ns","Скляні рисові","шт","1000","Категорія: Бусини | Колір/Форма: Кремовий | Ціна у валюті: 0.73 | excelRow=7","2026-03-12 21:34:40.464","2026-03-23 15:32:52.821","0.03","BEADS",""
"cmmnzkdbp0006xqknwo5g5i6k","Еластичний шнур для бісеру","м","15","Категорія: Шнури | Ціна у валюті: 0.63 | 0.4 мм | excelRow=8","2026-03-12 21:34:40.464","2026-03-23 15:30:01.553","1.747","CORDS",""
"cmmnzkdbp0007xqknnoaei26x","Акрил серця (набір)","шт","100","Категорія: Бусини | Ціна у валюті: 2 | мікс | excelRow=9","2026-03-12 21:34:40.464","2026-03-23 15:26:11.592","0.832","BEADS",""
"cmmnzkdbp0008xqknx1kio5u3","Скляні зірки 8мм","шт","50","Категорія: Бусини | Ціна у валюті: 1.55 | п’ятикутні | excelRow=10","2026-03-12 21:34:40.464","2026-03-23 15:33:00.63","1.29","BEADS",""
"cmmnzkdbp0009xqknqunp8uog","Скляні абакуси","шт","1","Категорія: Бусини | Ціна у валюті: 2.3 | багатокольорові | excelRow=11","2026-03-12 21:34:40.464","2026-03-23 15:33:09.602","95.68","BEADS",""
"cmmnzkdbp000axqknvwo1qilp","Акрил желейні 8мм","шт","200","Категорія: Бусини | Ціна у валюті: 2.18 | мікс | excelRow=12","2026-03-12 21:34:40.464","2026-03-23 15:26:17.336","0.453","BEADS",""
"cmmnzkdbp000bxqknvs1vsiw7","Підвіски-серця 12×12","шт","8","Категорія: Бусини | Ціна у валюті: 1.56 | мікс | excelRow=13","2026-03-12 21:34:40.464","2026-03-23 15:33:17.107","8.112","BEADS",""
"cmmnzkdbp000cxqkntjp0dcmw","Акрил фасет. 8мм","шт","1000","Категорія: Бусини | Ціна у валюті: 4.26 | червона троянда | excelRow=14
Категорія: Бусини | Ціна у валюті: 4.26 | глибокий рожевий | excelRow=15","2026-03-12 21:34:40.464","2026-03-23 15:26:11.103","0.354","BEADS",""
"cmmnzkdbp000dxqknrx3l3087","Акрил 8мм 32-гранні","шт","1200","Категорія: Бусини | Ціна у валюті: 7.44 | прозорі | excelRow=16","2026-03-12 21:34:40.464","2026-03-23 15:26:20.068","0.258","BEADS",""
"cmmnzkdbp000exqknhntjhlkx","Акрил прозорі 8мм","шт","1800","Категорія: Бусини | Ціна у валюті: 11.65 | C-46 | excelRow=17","2026-03-12 21:34:40.464","2026-03-23 15:26:12.58","0.269","BEADS",""
"cmmnzkdbp000fxqknig7km2z7","Акрил прозорий жвачка","шт","4000","Категорія: Бусини | Ціна у валюті: 5.22 | мікс | excelRow=18
Категорія: Бусини | Ціна у валюті: 6.9 | мікс 6мм | excelRow=29","2026-03-12 21:34:40.464","2026-03-23 15:26:12.992","0.127","BEADS",""
"cmmnzkdbp000gxqknx2kb5yif","Намистини 4мм","шт","3000","Категорія: Бусини | Ціна у валюті: 2.47 | бежеві | excelRow=19","2026-03-12 21:34:40.464","2026-03-23 15:33:33.743","0.034","BEADS",""
"cmmnzkdbp000hxqknl5s6simu","Перлини 6мм","шт","1000","Категорія: Бусини | Ціна у валюті: 3.28 | бежеві | excelRow=20","2026-03-12 21:34:40.464","2026-03-23 15:33:28.052","0.136","BEADS",""
"cmmnzkdbp000ixqknrhwcuz3u","Прокладки 3мм","шт","1000","Категорія: Бусини | Ціна у валюті: 0.9 | бежеві | excelRow=21","2026-03-12 21:34:40.464","2026-03-23 15:33:18.504","0.037","BEADS",""
"cmmnzkdbq000jxqknugz83xc9","Акрил 8мм зелена серія","шт","1000","Категорія: Бусини | Ціна у валюті: 3.01 | зелений | excelRow=22","2026-03-12 21:34:40.464","2026-03-23 15:26:18.029","0.125","BEADS",""
"cmmnzkdbq000kxqknm55l6y3l","Акрил 6мм фантастичні","шт","1800","Категорія: Бусини | Ціна у валюті: 7.05 | синій/фіолетовий | excelRow=23
Категорія: Бусини | Ціна у валюті: 7.4 | синій/фіолетовий | excelRow=27","2026-03-12 21:34:40.464","2026-03-23 15:26:21.176","0.334","BEADS",""
"cmmnzkdbq000lxqkna8qzg16z","Різні набори (прісноводні, морські, вінтаж, грибочки, брелки, акрил 8мм)","шт","6","Категорія: Бусини | Ціна у валюті: 0 | мікс | excelRow=24","2026-03-12 21:34:40.464","2026-03-23 15:27:42.144","0","BEADS",""
"cmmnzkdbq000mxqknotnd98os","Акрил/Скло відшкодовано","шт","3","Категорія: Бусини | Ціна у валюті: 0 | Синій/фіолетовий, срібло, чорний | excelRow=25","2026-03-12 21:34:40.464","2026-03-23 15:27:14.534","0","BEADS",""
"cmmnzkdbq000nxqknnywcwq3a","Акрил оффлайн","шт","8400","Категорія: Бусини | блакитні і жовті 6мм | excelRow=26","2026-03-12 21:34:40.464","2026-03-23 15:26:15.474","0.118","BEADS",""
"cmmnzkdbq000oxqkn27qewf9u","Акрил 6мм рожеві","шт","2000","Категорія: Бусини | Ціна у валюті: 8.34 | рожеві 6мм | excelRow=28","2026-03-12 21:34:40.464","2026-03-23 15:26:22.373","0.173","BEADS",""
"cmmnzkdbq000pxqknt7fw0a57","Шнур товстий 6мм","м","9.14","Категорія: Шнури | Ціна у валюті: 1.6 | білий | excelRow=30
Категорія: Шнури | Ціна у валюті: 1.53 | рожевий | excelRow=31","2026-03-12 21:34:40.464","2026-03-23 15:29:31.935","14.246","CORDS",""
"cmmnzkdbq000qxqkn3o4j3mur","Шнур 5мм","м","15","Категорія: Шнури | Ціна у валюті: 1.28 | світло-рожевий | excelRow=32
Категорія: Шнури | Ціна у валюті: 1.28 | рожевий | excelRow=33
Категорія: Шнури | Ціна у валюті: 1.28 | світло-блакитний | excelRow=34","2026-03-12 21:34:40.464","2026-03-23 15:29:37.217","10.65","CORDS",""
"cmmnzkdbq000rxqknbff7n9oo","Макраме шнур 3мм","м","20","Категорія: Шнури | Ціна у валюті: 1.85 | Градієнт | excelRow=35
Категорія: Шнури | Ціна у валюті: 1.85 | Градієнт | excelRow=36","2026-03-12 21:34:40.464","2026-03-23 15:29:54.951","7.696","CORDS",""
"cmmnzkdbq000sxqkngffnarnn","Поліестеровий шнур","мм","1","Категорія: Шнури | Ціна у валюті: 5.31 | біло-бірюзовий | excelRow=37","2026-03-12 21:34:40.464","2026-03-23 15:29:44.484","220.896","CORDS",""
"cmmnzkdbq000txqknd0mvmzlf","Нейлоновий канат 8мм","м","2","Категорія: Шнури | Ціна у валюті: 8.5 | рожевий+синій | excelRow=38
Категорія: Шнури | Ціна у валюті: 7.81 | рожевий | excelRow=39","2026-03-12 21:34:40.464","2026-03-23 15:29:53.067","339.248","CORDS",""
"cmmnzkdbq000uxqknkx45x3g9","Британський поліестеровий шнур","м","2","Категорія: Шнури | Ціна у валюті: 4.17 | Шукерки | excelRow=40
Категорія: Шнури | Ціна у валюті: 4.17 | Пешн | excelRow=41","2026-03-12 21:34:40.464","2026-03-23 15:30:04.645","173.472","CORDS",""
"cmmnzkdbq000vxqknl9xs9nms","Паракорд 6мм","м","5","Категорія: Шнури | Ціна у валюті: 6.64 | світло-блакитний | excelRow=42","2026-03-12 21:34:40.464","2026-03-23 15:29:49.86","55.245","CORDS",""
"cmmnzkdbq000wxqknfkg30ebe","Шнур 8мм надм’який","м","20","Категорія: Шнури | Ціна у валюті: 9.18 | білий | excelRow=43","2026-03-12 21:34:40.464","2026-03-23 15:29:34.818","19.094","CORDS",""
"cmmnzkdbq000xxqknql36mjsz","Ручна тканина (стрічка)","м","2","Категорія: Шнури | Ціна у валюті: 1.6 | зелено-біла | excelRow=44
Категорія: Шнури | Ціна у валюті: 1.66 | чорн-зелена | excelRow=45","2026-03-12 21:34:40.464","2026-03-23 15:29:41.216","67.808","CORDS",""
"cmmnzkdbq000yxqknday1zcqf","Плетений поліестер 8мм","м","5","Категорія: Шнури | Ціна у валюті: 7.93 | мокко браун | excelRow=46","2026-03-12 21:34:40.464","2026-03-23 15:29:48.354","65.978","CORDS",""
"cmmnzkdbq000zxqknrqjusxbe","паракорд оффлайн 8мм","м","1","Категорія: Шнури | біло-зелений | excelRow=47","2026-03-12 21:34:40.464","2026-03-23 15:29:29.43","140","CORDS",""
"cmmnzkdbq0010xqknril85tjp","шнури для мішечків","м","100","Категорія: Шнури | бежеві кручені | excelRow=48","2026-03-12 21:34:40.464","2026-03-23 15:29:25.669","3.44","CORDS",""
"cmmnzkdbq0011xqknvs6ddvqo","гачок 2,50 мм; набір (лічильник, маркери, голки)","шт","2","Категорія: Інструменти / Аксесуари | гачок 2,50 мм; набір (лічильник, маркери, голки) | excelRow=49","2026-03-12 21:34:40.464","2026-03-19 18:14:14.57","62.875","HARDWARE",""
"cmmnzkdbq0012xqkn3ywqf4ou","Тканина Льон ШанЖан","м","8","Категорія: Тканина | Лен жовтий/ рожевий/ бежевий/ коричневий | excelRow=50
Категорія: Тканина | Колір/Форма: Бежевий/Білий | excelRow=325","2026-03-12 21:34:40.464","2026-03-23 15:36:47.893","87.5","FABRIC",""
"cmmnzkdbq0013xqkngltjhukf","Сумка вязана","шт","3","Категорія: Сумка | Ціна у валюті: 5.89 | молочна, кольорові вишивки на ручках | excelRow=51
Категорія: Сумка | Ціна у валюті: 6.34 | мінималістична хакі | excelRow=53","2026-03-12 21:34:40.464","2026-03-19 18:14:14.57","169.589","HARDWARE",""
"cmmnzkdbq0014xqkn4wnmt3w5","Сумка шопер гафре","шт","2","Категорія: Сумка | Ціна у валюті: 4.73 | світло коричнева | excelRow=52
Категорія: Сумка | Ціна у валюті: 6.03 | Чорний | excelRow=238","2026-03-12 21:34:40.464","2026-03-19 18:14:14.57","225.014","HARDWARE",""
"cmmnzkdbr0015xqkn3qp1hmst","Ручний регульований ремінець","шт","7","Категорія: Ременці | Ціна у валюті: 1.68 | чорний-білий | excelRow=54
Категорія: Ременці | Ціна у валюті: 3.36 | рожевий | excelRow=55
Категорія: Ременці | Ціна у валюті: 4.84 | рожевий | excelRow=229
Категорія: Ременці | Ціна у валюті: 3.96 | чорний-білий | excelRow=230","2026-03-12 21:34:40.464","2026-03-23 15:34:48.029","82.752","STRAPS",""
"cmmnzkdbr0016xqkn351xm8r3","Кольоровий плетений ремінець","шт","1","Категорія: Ременці | Ціна у валюті: 1.96 | червоно-рожевий | excelRow=56","2026-03-12 21:34:40.464","2026-03-23 15:34:52.324","81.536","STRAPS",""
"cmmnzkdbr0017xqknx6z083e7","Нашийний ремінець для телефону","шт","1","Категорія: Ременці | Ціна у валюті: 1.96 | зелений | excelRow=57","2026-03-12 21:34:40.464","2026-03-23 15:34:51.01","81.536","STRAPS",""
"cmmnzkdbr0018xqkns8dcwfx3","Двокольоровий нашийний ремінець","шт","1","Категорія: Ременці | Ціна у валюті: 2.55 | жовтий із підвіскою-зіркою | excelRow=58","2026-03-12 21:34:40.464","2026-03-23 15:34:53.454","106.08","STRAPS",""
"cmmnzkdbr0019xqknk61m0egk","Тканина ручна (стрічка)","шт","2","Категорія: Ременці | Ціна у валюті: 1.6 | зелено-біла | excelRow=59
Категорія: Ременці | Ціна у валюті: 1.66 | чорна із зеленими крапками | excelRow=60","2026-03-12 21:34:40.464","2026-03-23 15:34:41.162","67.808","STRAPS",""
"cmmnzkdbr001axqkn6ijt5map","Підвіска геометрична (декор)","шт","1","Категорія: Ременці | Ціна у валюті: 0.79 | золотисто-жовта | excelRow=61","2026-03-12 21:34:40.464","2026-03-23 15:34:49.232","32.864","STRAPS",""
"cmmnzkdbr001bxqkndimyvn3c","Стандарт карабін","шт","5","Категорія: Фурнітура | Ціна у валюті: 3.04 | рожевий | excelRow=62","2026-03-12 21:34:40.464","2026-04-08 19:37:43.307","25.293","HARDWARE","Рожевий"
"cmmnzkdbr001cxqknot8dahqh","Кільця з пружиною","шт","20","Категорія: Фурнітура | Ціна у валюті: 1.73 | білий | excelRow=63","2026-03-12 21:34:40.464","2026-03-19 18:14:14.57","3.598","HARDWARE",""
"cmmnzkdbr001dxqknrrvnn00v","Ланцюжки сумочкові","шт","2","Категорія: Фурнітура | Ціна у валюті: 4.32 | золото | excelRow=64","2026-03-12 21:34:40.464","2026-03-19 18:14:14.57","89.856","HARDWARE",""
"cmmnzkdbr001exqkn1xsdtv7n","Магнітні застібки Срібні","шт","10","Категорія: Фурнітура | Колір/Форма: Срібний | Ціна у валюті: 1.76 | Срібло | excelRow=65","2026-03-12 21:34:40.464","2026-03-19 18:14:14.57","7.322","HARDWARE",""
"cmmnzkdbr001fxqknbrpneiia","Магнітні застібки Золоті","шт","10","Категорія: Фурнітура | Колір/Форма: Золотий | Ціна у валюті: 1.68 | золото (14 мм) | excelRow=66","2026-03-12 21:34:40.464","2026-03-19 18:14:14.57","6.989","HARDWARE",""
"cmmnzkdbr001gxqknnrjt2otw","Карабіни круглі","шт","20","Категорія: Фурнітура | Ціна у валюті: 1.53 | золото | excelRow=67
Категорія: Фурнітура | Ціна у валюті: 1.8 | Срібло | excelRow=74","2026-03-12 21:34:40.464","2026-03-19 18:14:14.57","6.927","HARDWARE",""
"cmmnzkdbr001hxqknjnn2r6hs","Дешка","шт","30","Категорія: Фурнітура | Ціна у валюті: 1.47 | Срібло | excelRow=68","2026-03-12 21:34:40.464","2026-04-08 19:37:45.587","2.038","HARDWARE","Срібло"
"cmmnzkdbr001ixqkn2g6ku1pg","Срібні карабіни метал","шт","30","Категорія: Фурнітура | Ціна у валюті: 3.24 | excelRow=69","2026-03-12 21:34:40.464","2026-03-19 18:14:14.57","4.493","HARDWARE",""
"cmmnzkdbr001kxqkntynnem7y","Фіксатори циліндр. (цинк)","шт","20","Категорія: Фурнітура | Ціна у валюті: 2.07 | пістолет-чорн. 17,5 | excelRow=72","2026-03-12 21:34:40.464","2026-03-19 18:14:14.57","4.306","HARDWARE",""
"cmmnzkdbr001lxqkna189jxq8","Стопор / фіксатор","шт","20","Категорія: Фурнітура | Ціна у валюті: 0.01 | Срібло | excelRow=73","2026-03-12 21:34:40.464","2026-03-19 18:14:14.57","2.74","HARDWARE",""
"cmmnzkdbr001mxqknhyl0o3ie","металеві кріплення на ручку (затяжки)","шт","22","Категорія: Фурнітура | Ціна у валюті: 1.76 | Срібло | excelRow=75","2026-03-12 21:34:40.464","2026-03-19 18:14:14.57","3.328","HARDWARE",""
"cmmnzkdbr001nxqknkpjipenq","Лєска","шт","12","Категорія: Фурнітура | 100 м | excelRow=76
Категорія: Фурнітура | 5мм | excelRow=162
Категорія: Фурнітура | 4мм | excelRow=243
Категорія: Фурнітура | 5мм | excelRow=244
Категорія: Фурнітура | Колір/Форма: Чорний | Ціна у валюті: 65 | excelRow=371
Категорія: Фурнітура | Колір/Форма: Білий | Ціна у валюті: 65 | excelRow=372","2026-03-12 21:34:40.464","2026-03-19 18:14:14.57","57.083","HARDWARE",""
"cmmnzkdbr001oxqkn9ld3b2ch","Персоналізовані наліпки","шт","500","Категорія: Пакування | Ціна у валюті: 6.93 | Діаметр 4 см | excelRow=77","2026-03-12 21:34:40.464","2026-03-19 18:14:14.57","0.577","HARDWARE",""
"cmmnzkdbr001pxqknndd57453","Матові самоклейні етикетки","шт","50","Категорія: Пакування | Ціна у валюті: 9.13 | 7×14 см | excelRow=78","2026-03-12 21:34:40.464","2026-03-19 18:14:14.57","7.614","HARDWARE",""
"cmmnzkdbr001qxqkn97ofknh0","Ханг-теги з ланцюжком","шт","200","Категорія: Пакування | Ціна у валюті: 1.24 | рожеві | excelRow=79","2026-03-12 21:34:40.464","2026-03-19 18:14:14.57","0.259","HARDWARE",""
"cmmnzkdbr001rxqkn38mc767z","Пакети самоклейні","шт","100","Категорія: Пакування | Ціна у валюті: 1.39 | Срібло | excelRow=80","2026-03-12 21:34:40.464","2026-03-19 18:14:14.57","0.58","HARDWARE",""
"cmmnzkdbs001sxqkny4kfdajr","Тиш’ю-папір","шт","50","Категорія: Пакування | Ціна у валюті: 3.65 | 50.8×35.56 см | excelRow=81","2026-03-12 21:34:40.464","2026-03-19 18:14:14.57","3.044","HARDWARE",""
"cmmnzkdbs001txqkndgb56u4u","Металеві бірки Gerdan","шт","50","Категорія: Пакування | Срібло/золото | excelRow=82","2026-03-12 21:34:40.464","2026-03-19 18:14:14.57","100.2","HARDWARE",""
"cmmnzkdbs001uxqknt2lnxkwp","Коробка велика","шт","10","Категорія: Пакування | excelRow=83","2026-03-12 21:34:40.464","2026-03-19 18:14:14.57","14.6","HARDWARE",""
"cmmnzkdbs001vxqknn7yfffog","Коробка маленька","шт","20","Категорія: Пакування | excelRow=84
Категорія: Пакування | excelRow=287","2026-03-12 21:34:40.464","2026-03-19 18:14:14.57","6.2","HARDWARE",""
"cmmnzkdbs001wxqkn3fvp2bqa","Коробка середня","шт","20","Категорія: Пакування | excelRow=85
Категорія: Пакування | excelRow=288","2026-03-12 21:34:40.464","2026-03-19 18:14:14.57","7.946","HARDWARE",""
"cmmnzkdbs001xxqknpa35a237","Бірки картон","шт","50","Категорія: Пакування | 50х90мм | excelRow=86","2026-03-12 21:34:40.464","2026-03-19 18:14:14.57","21.402","HARDWARE",""
"cmmnzkdbs001yxqknq81i2tfh","Бірки ткань","шт","150","Категорія: Пакування | excelRow=87
Категорія: Пакування | excelRow=224","2026-03-12 21:34:40.464","2026-03-19 18:14:14.57","9.433","HARDWARE",""
"cmmnzkdbs001zxqknz8rhvpar","Trikolino (трикотажна пряжа 7–9мм, 120м)","шт","63","Категорія: Нитки | excelRow=88
Категорія: Нитки | excelRow=89
Категорія: Нитки | excelRow=90
Категорія: Нитки | excelRow=91
Категорія: Нитки | excelRow=92
Категорія: Нитки | excelRow=186
Категорія: Нитки | excelRow=187
Категорія: Нитки | excelRow=188
Категорія: Нитки | excelRow=189
Категорія: Нитки | excelRow=190
Категорія: Нитки | Рожева сакура | excelRow=261
Категорія: Нитки | червоний | excelRow=262
Категорія: Нитки | Антрацит меланж | excelRow=275
Категорія: Нитки | парне молоко | excelRow=276
Категорія: Нитки | Чорний | excelRow=278
Категорія: Нитки | Чорний | excelRow=281
Категорія: Нитки | червоний | excelRow=282
Категорія: Нитки | антрацит сірий | excelRow=283
Категорія: Нитки | антрацит | excelRow=284
Категорія: Нитки | шоколад | excelRow=285
Категорія: Нитки | синій | excelRow=316
Категорія: Нитки | Чорний | excelRow=317
Категорія: Нитки | Колір/Форма: Чорний | excelRow=327
Категорія: Нитки | Колір/Форма: Червоний | excelRow=328
Категорія: Нитки | Колір/Форма: Лимон | excelRow=329
Категорія: Нитки | Колір/Форма: Шоколад | excelRow=334
Категорія: Нитки | Колір/Форма: Бордо | excelRow=335
Категорія: Нитки | Колір/Форма: Банановий Шейк | excelRow=336
Категорія: Нитки | Колір/Форма: Марсал | excelRow=337","2026-03-12 21:34:40.464","2026-03-19 18:24:05.122","292.253","THREADS",""
"cmmnzkdbs0020xqkn4xsllwd7","YarnArt Macrame (поліестеровий шнур 2.5 мм)","шт","10","Категорія: Нитки | excelRow=93
Категорія: Нитки | excelRow=94
Категорія: Нитки | excelRow=95
Категорія: Нитки | excelRow=191
Категорія: Нитки | excelRow=192
Категорія: Нитки | excelRow=193","2026-03-12 21:34:40.464","2026-03-19 18:24:45.555","57","THREADS",""
"cmmnzkdbs0021xqknoaf5c6pq","YarnArt Macrame Cotton (бавовняний шнур)","шт","8","Категорія: Нитки | excelRow=96
Категорія: Нитки | excelRow=97
Категорія: Нитки | excelRow=194
Категорія: Нитки | excelRow=195","2026-03-12 21:34:40.464","2026-03-19 18:24:45.555","131.5","THREADS",""
"cmmnzkdbs0022xqknuszlhf84","YarnArt Macrame Cord 3 мм","шт","8","Категорія: Нитки | excelRow=98
Категорія: Нитки | excelRow=99
Категорія: Нитки | excelRow=100
Категорія: Нитки | excelRow=196
Категорія: Нитки | excelRow=197
Категорія: Нитки | excelRow=198","2026-03-12 21:34:40.464","2026-03-19 18:24:45.555","127.3","THREADS",""
"cmmnzkdbs0023xqkn6k3vjdwx","YarnArt Maccheroni","шт","8",,"2026-03-12 21:34:40.464","2026-03-23 15:20:57.861","159.994","THREADS",""
"cmmnzkdbs0024xqknevo86dnu","Гачок алюмінієвий","шт","1","2.50 мм KnitPro","2026-03-12 21:34:40.464","2026-04-09 09:15:14.723","56","HARDWARE",""
"cmmnzkdbs0025xqkn24ny9gzv","Набір для в’язання (лічильник, маркери, голки)","шт","1","Категорія: Інструменти / Аксесуари | excelRow=105","2026-03-12 21:34:40.464","2026-03-19 18:14:14.57","69.71","HARDWARE",""
"cmmnzkdbs0026xqkn9cu4q1ri","Червоні","шт","500","Категорія: Бусини | Ціна у валюті: 3.39 | excelRow=106","2026-03-12 21:34:40.464","2026-03-23 15:32:43.123","0.282","BEADS",""
"cmmnzkdbs0027xqknoaq77jfu","Акрилові Блакитний перламутр","шт","1900","Категорія: Бусини | Ціна у валюті: 10.67 | excelRow=107","2026-03-12 21:34:40.464","2026-03-23 15:27:19.4","0.234","BEADS",""
"cmmnzkdbs0028xqknfecsz50y","Блакитний квадрат","шт","1700","Категорія: Бусини | Ціна у валюті: 11.18 | excelRow=108","2026-03-12 21:34:40.464","2026-03-23 15:34:10.563","0.274","BEADS",""
"cmmnzkdbs0029xqkn6f63zq24","Чорні Круглі Акрилові","шт","1700","Категорія: Бусини | excelRow=109","2026-03-12 21:34:40.464","2026-03-23 15:27:45.901","0.196","BEADS",""
"cmmnzkdbs002axqkncar2x9y3","Круглі металеві ручки","шт","6","Категорія: Фурнітура | excelRow=110","2026-03-12 21:34:40.464","2026-03-19 18:14:14.57","17.37","HARDWARE",""
"cmmnzkdbs002bxqknp2orbyxz","Білий жемчуг","шт","5000","Категорія: Бусини | excelRow=111
Категорія: Бусини | Ціна у валюті: 2.49 | excelRow=126
Категорія: Бусини | Ціна у валюті: 12.64 | excelRow=134","2026-03-12 21:34:40.464","2026-03-23 15:33:56.79","0.151","BEADS",""
"cmmnzkdbs002cxqknw3aaq4ls","Сріблясті бусини","шт","2000","Категорія: Бусини | excelRow=112
Категорія: Бусини | Ціна у валюті: 2.9 | excelRow=132","2026-03-12 21:34:40.464","2026-03-23 15:32:49.554","0.105","BEADS",""
"cmmnzkdbs002dxqkntz31zu42","Рожеві акрилові овал","шт","2000","Категорія: Бусини | Ціна у валюті: 2.9 | excelRow=113","2026-03-12 21:34:40.464","2026-03-23 15:27:41.318","0.06","BEADS",""
"cmmnzkdbt002exqknm0hffgoq","Червоні овал","шт","2000","Категорія: Бусини | Ціна у валюті: 2.9 | excelRow=114","2026-03-12 21:34:40.464","2026-03-23 15:32:41.048","0.06","BEADS",""
"cmmnzkdbt002fxqknivgbrr6e","Білі жемчуг","шт","800","Категорія: Бусини | Ціна у валюті: 1.62 | excelRow=115","2026-03-12 21:34:40.464","2026-03-23 15:33:54.607","0.084","BEADS",""
"cmmnzkdbt002gxqknp9m4r5fa","Прозорі бензин","шт","2000","Категорія: Бусини | Ціна у валюті: 3.53 | excelRow=116","2026-03-12 21:34:40.464","2026-03-23 15:33:20.922","0.073","BEADS",""
"cmmnzkdbt002hxqkn7eo363cb","Білі Пластикові круги?","шт","300","Категорія: Бусини | Ціна у валюті: 2.51 | excelRow=117","2026-03-12 21:34:40.464","2026-03-23 15:33:55.693","0.348","BEADS",""
"cmmnzkdbt002ixqknqmvldk0u","Бусини Зелені/білі","шт","2000","Категорія: Бусини | Ціна у валюті: 2.95 | excelRow=118","2026-03-12 21:34:40.464","2026-03-23 15:34:01.52","0.061","BEADS",""
"cmmnzkdbt002jxqkn8cd8trev","Світле золото (поморанч)","шт","1000","Категорія: Бусини | Ціна у валюті: 3.33 | excelRow=119","2026-03-12 21:34:40.464","2026-03-23 15:33:14.135","0.139","BEADS",""
"cmmnzkdbt002kxqknkhmq17f6","Колір кави","шт","1000","Категорія: Бусини | Ціна у валюті: 3.14 | excelRow=120","2026-03-12 21:34:40.464","2026-03-23 15:33:38.687","0.131","BEADS",""
"cmmnzkdbt002lxqknm0kemku2","Колір каштана (як кава)","шт","1000","Категорія: Бусини | Ціна у валюті: 2.09 | excelRow=121","2026-03-12 21:34:40.464","2026-03-23 15:33:37.095","0.087","BEADS",""
"cmmnzkdbt002mxqknblqvy8tz","Жовті акрилові","шт","1000","Категорія: Бусини | Ціна у валюті: 3.79 | excelRow=122","2026-03-12 21:34:40.464","2026-03-23 15:27:28.094","0.158","BEADS",""
"cmmnzkdbt002nxqknzn5ukf3i","Блакитні акрилові","шт","1000","Категорія: Бусини | Ціна у валюті: 3.79 | excelRow=123","2026-03-12 21:34:40.464","2026-03-23 15:27:26.631","0.158","BEADS",""
"cmmnzkdbt002oxqkn1xgrucea","Фіолетові акрилові","шт","1000","Категорія: Бусини | Ціна у валюті: 3.79 | excelRow=124","2026-03-12 21:34:40.464","2026-03-23 15:27:43.017","0.158","BEADS",""
"cmmnzkdbt002pxqknlpyh57yb","Рожеві акрилові","шт","2000","Категорія: Бусини | Ціна у валюті: 3.79 | excelRow=125
Категорія: Бусини | Ціна у валюті: 3.14 | excelRow=146","2026-03-12 21:34:40.464","2026-03-23 15:27:40.33","0.145","BEADS",""
"cmmnzkdbt002qxqknl5yrjk2y","Металеві Замки (як гаманець )","шт","4","Категорія: Фурнітура | Ціна у валюті: 8.2 | excelRow=127","2026-03-12 21:34:40.464","2026-03-19 18:14:14.57","85.28","HARDWARE",""
"cmmnzkdbt002rxqknhry0yc3k","Магнітні кнопки","шт","10","Категорія: Фурнітура | Ціна у валюті: 1.56 | excelRow=128","2026-03-12 21:34:40.464","2026-03-19 18:14:14.57","6.49","HARDWARE",""
"cmmnzkdbt002sxqkn6y6uzopo","Чорний прозорий акрил","шт","1800","Категорія: Бусини | Ціна у валюті: 4.5 | excelRow=129","2026-03-12 21:34:40.464","2026-03-23 15:27:44.498","0.104","BEADS",""
"cmmnzkdbt002txqkngdmqob39","Малиновий прозорий акрил","шт","1800","Категорія: Бусини | Ціна у валюті: 11.47 | excelRow=130","2026-03-12 21:34:40.464","2026-03-23 15:27:36.18","0.265","BEADS",""
"cmmnzkdbt002uxqkntp865dv3","Прозорий акрил","шт","600","Категорія: Бусини | Ціна у валюті: 4.17 | excelRow=131","2026-03-12 21:34:40.464","2026-03-23 15:27:37.349","0.289","BEADS",""
"cmmnzkdbt002vxqknu0x0woh4","Квадратні фасетні білі","шт","1800","Категорія: Бусини | Ціна у валюті: 11.42 | excelRow=133","2026-03-12 21:34:40.464","2026-03-23 15:33:50.391","0.264","BEADS",""
"cmmnzkdbt002wxqkno2wtk0oj","Глибокий фіолетовий бісер","шт","1000","Категорія: Бусини | Ціна у валюті: 3.42 | excelRow=135
Категорія: Бусини | Ціна у валюті: 2.07 | excelRow=143","2026-03-12 21:34:40.464","2026-03-23 15:28:09.677","0.229","BEADS",""
"cmmnzkdbt002xxqkn3t0zld1e","Металеві пружинні кільця","шт","10","Категорія: Фурнітура | Ціна у валюті: 1.84 | excelRow=136","2026-03-12 21:34:40.464","2026-03-19 18:14:14.57","7.654","HARDWARE",""
"cmmnzkdbt002yxqkniyh7xsbr","Мідні магнітні застібки","шт","10","Категорія: Фурнітура | Колір/Форма: Мідний | Ціна у валюті: 2.21 | excelRow=137","2026-03-12 21:34:40.464","2026-03-19 18:14:14.57","9.194","HARDWARE",""
"cmmnzkdbt002zxqknjters95l","Молочний жемчуг","шт","1000","Категорія: Бусини | Ціна у валюті: 2.06 | excelRow=138","2026-03-12 21:34:40.464","2026-03-23 15:33:35.09","0.086","BEADS",""
"cmmnzkdbu0030xqknjmngbs8j","Алюмінієві сумочкові ланцюжки","шт","1","Категорія: Фурнітура | Ціна у валюті: 1.98 | excelRow=139","2026-03-12 21:34:40.464","2026-03-19 18:14:14.57","82.368","HARDWARE",""
"cmmnzkdbu0031xqknssam1dqu","Елегантний металевий ланцюжок","шт","1","Категорія: Фурнітура | Ціна у валюті: 2.45 | excelRow=140","2026-03-12 21:34:40.464","2026-03-19 18:14:14.57","101.92","HARDWARE",""
"cmmnzkdbu0032xqkn9o1jwtgo","Червона троянда акрилові рожеві","шт","500","Категорія: Бусини | Ціна у валюті: 1.99 | excelRow=141","2026-03-12 21:34:40.464","2026-03-23 15:27:43.76","0.166","BEADS",""
"cmmnzkdbu0033xqkn6ylam1j5","світло пурпурові","шт","500","Категорія: Бусини | Ціна у валюті: 3.09 | excelRow=142","2026-03-12 21:34:40.464","2026-03-23 15:32:29.375","0.257","BEADS",""
"cmmnzkdbu0034xqknxvjcnrd1","Набір з різдвяних кілець","шт","24","Категорія: Фурнітура | Ціна у валюті: 2.47 | excelRow=144","2026-03-12 21:34:40.464","2026-03-19 18:14:14.57","4.281","HARDWARE",""
"cmmnzkdbu0035xqkn0pylpbn5","Червона троянда рожеві","шт","1000","Категорія: Бусини | Ціна у валюті: 3.17 | excelRow=145","2026-03-12 21:34:40.464","2026-03-23 15:32:44.826","0.132","BEADS",""
"cmmnzkdbu0036xqknhbpwd63a","Чорні фасетові граневі","шт","600","Категорія: Бусини | Ціна у валюті: 8.7 | excelRow=147","2026-03-12 21:34:40.464","2026-03-23 15:32:31.433","0.603","BEADS",""
"cmmnzkdbu0037xqknh4kf6949","Тканина атлас","см","100","Категорія: Тканина | Колір/Форма: рожевий, фіолетовий, блакитний, білий | excelRow=148
Категорія: Тканина | Колір/Форма: бордо | excelRow=257","2026-03-12 21:34:40.464","2026-03-23 15:36:47.027","1.2","FABRIC",""
"cmmnzkdbu0038xqkn6pk6s1mg","Пряжа YarnArt Imperial Merino 3340 голубий","шт","2","Категорія: Пряжа | excelRow=149","2026-03-12 21:34:40.464","2026-03-19 18:24:45.555","94.35","THREADS",""
"cmmnzkdbu0039xqknyr33hyw9","Пряжа Gazzal Baby Wool XL 803 бежева","шт","2","Категорія: Пряжа | excelRow=150","2026-03-12 21:34:40.464","2026-03-23 15:35:39.168","55.5","THREADS",""
"cmmnzkdbu003axqkn0aq3wxu3","Пряжа Gazzal Baby Wool XL 840 жовтий","шт","1","Категорія: Пряжа | excelRow=151","2026-03-12 21:34:40.464","2026-03-23 15:35:36.651","55.5","THREADS",""
"cmmnzkdbu003bxqknkrm7wcx0","Пряжа Gazzal Baby Wool XL 803 червоний","шт","2","Категорія: Пряжа | excelRow=152","2026-03-12 21:34:40.464","2026-03-23 15:35:38.205","55.5","THREADS",""
"cmmnzkdbu003cxqkniq9s63gy","Пряжа Gazzal Baby Wool 829 молоко","шт","2","Категорія: Пряжа | excelRow=153","2026-03-12 21:34:40.464","2026-03-23 15:35:40.173","55.5","THREADS",""
"cmmnzkdbu003dxqknl6mo7ohk","Пряжа Vita Sapphire 1519 рубін","шт","2","Категорія: Пряжа | excelRow=154
Категорія: Пряжа | excelRow=252","2026-03-12 21:34:40.464","2026-03-23 15:35:29.033","108.225","THREADS",""
"cmmnzkdbu003exqkntcm6otlc","Пряжа Gazzal Baby Wool 818 сірий","шт","1","Категорія: Пряжа | excelRow=155","2026-03-12 21:34:40.464","2026-03-23 15:35:46.249","55.5","THREADS",""
"cmmnzkdbu003fxqknjn7sfp2o","Пряжа Vita Sapphire 1510 темна троянда","шт","2","Категорія: Пряжа | excelRow=156
Категорія: Пряжа | excelRow=253","2026-03-12 21:34:40.464","2026-03-23 15:35:29.975","108.225","THREADS",""
"cmmnzkdbu003gxqkn351jbnh8","Пряжа Vita Sapphire 1506 світло-блакитний","шт","1","Категорія: Пряжа | excelRow=157","2026-03-12 21:34:40.464","2026-03-23 15:35:32.218","120.25","THREADS",""
"cmmnzkdbu003hxqkna1enkmag","Пряжа Vita Sapphire 1504 шоколад","шт","4","Категорія: Пряжа | excelRow=158
Категорія: Пряжа | excelRow=254","2026-03-12 21:34:40.464","2026-03-23 15:35:33.002","102.213","THREADS",""
"cmmnzkdbu003ixqknloeccj3f","Пряжа Gazzal Teddy 6547 ліловий","шт","1","Категорія: Пряжа | excelRow=159","2026-03-12 21:34:40.464","2026-03-23 15:35:34.043","94.35","THREADS",""
"cmmnzkdbu003jxqknl1rt3kvq","Пряжа беж Наташа","шт","1","Категорія: Пряжа | excelRow=160","2026-03-12 21:34:40.464","2026-03-23 15:35:27.917","85","THREADS",""
"cmmnzkdbu003kxqknvemyj7ck","Шнур 6мм","м","10","Категорія: Шнури | Ціна у валюті: 1.32 | excelRow=161
Категорія: Шнури | Ціна у валюті: 1.57 | світло-жовтий | excelRow=234","2026-03-12 21:34:40.464","2026-03-23 15:29:36.026","11.894","CORDS",""
"cmmnzkdbu003lxqkn8puh2ocf","Прозорі акрилові 6 мм","шт","3000","Категорія: Бусини | Ціна у валюті: 4.13 | excelRow=163","2026-03-12 21:34:40.464","2026-03-23 15:27:38.326","0.171","BEADS",""
"cmmnzkdbv003mxqknslzqxnec","Іридесцентні акрилові 6/8 мм","шт","1500","Категорія: Бусини | Ціна у валюті: 1.76 | excelRow=164","2026-03-12 21:34:40.464","2026-03-23 15:26:24.707","0.146","BEADS",""
"cmmnzkdbv003nxqknb2o6m28f","Іридесцентні акрилові (1200 шт)","шт","3600","Категорія: Бусини | Ціна у валюті: 4.48 | excelRow=165","2026-03-12 21:34:40.464","2026-03-23 15:26:26.155","0.155","BEADS",""
"cmmnzkdbv003oxqknyyzt76vq","Акрилові 6 мм","шт","1000","Категорія: Бусини | Ціна у валюті: 3.42 | excelRow=166","2026-03-12 21:34:40.464","2026-03-23 15:27:18.101","0.142","BEADS",""
"cmmnzkdbv003pxqknrutod0pc","Акрил 6-гранні","шт","8000","Категорія: Бусини | Ціна у валюті: 2.79 | excelRow=167
Категорія: Бусини | Ціна у валюті: 2.79 | excelRow=168","2026-03-12 21:34:40.464","2026-03-23 15:26:24.032","0.131","BEADS",""
"cmmnzkdbv003qxqkn5qd53zkn","Скляні темно-червоні 6 мм","шт","3500","Категорія: Бусини | Ціна у валюті: 6.43 | excelRow=169","2026-03-12 21:34:40.464","2026-03-23 15:32:51.166","0.305","BEADS",""
"cmmnzkdbv003rxqknl9dht0y2","Барокові перлини","шт","120","Категорія: Бусини | Ціна у валюті: 1.31 | excelRow=170","2026-03-12 21:34:40.464","2026-03-23 15:34:13.658","2.726","BEADS",""
"cmmnzkdbv003sxqknqolxv4ki","Акрилові краплі овальні","шт","300","Категорія: Бусини | Ціна у валюті: 1.01 | excelRow=171","2026-03-12 21:34:40.464","2026-03-23 15:27:21.702","0.422","BEADS",""
"cmmnzkdbv003txqknfsru5uic","Акрил прозорий 6 мм","уп","3","Категорія: Бусини | Ціна у валюті: 2.47 | 3000 шт | excelRow=172","2026-03-12 21:34:40.464","2026-03-23 15:26:13.421","102.667","BEADS",""
"cmmnzkdbv003vxqkn6jnlvis3","Металеві брелоки","шт","8","Категорія: Фурнітура | Ціна у валюті: 2.99 | excelRow=174","2026-03-12 21:34:40.464","2026-03-19 18:14:14.57","15.548","HARDWARE",""
"cmmnzkdbv003wxqknqjgin3au","Пружинні гачки","шт","32","Категорія: Фурнітура | Ціна у валюті: 2.52 | excelRow=175","2026-03-12 21:34:40.464","2026-03-19 18:14:14.57","3.276","HARDWARE",""
"cmmnzkdbv003xxqkn14tsu8ry","Металеві гачки","шт","80","Категорія: Фурнітура | Ціна у валюті: 3.77 | excelRow=176","2026-03-12 21:34:40.464","2026-03-19 18:14:14.57","1.96","HARDWARE",""
"cmmnzkdbv003yxqkn8av626ur","Кільця","шт","11","Набір 11 шт","2026-03-12 21:34:40.464","2026-04-09 09:18:59.446","13.275","HARDWARE",""
"cmmnzkdbv003zxqknkvbhjr1z","Карабіни і Кільця","шт","6","Набір 6 шт","2026-03-12 21:34:40.464","2026-04-09 09:18:32.376","12.618","HARDWARE",""
"cmmnzkdbv0040xqkn68lsd1qo","О-подібні пружинні застібки","шт","32","Категорія: Фурнітура | Ціна у валюті: 2.77 | excelRow=179","2026-03-12 21:34:40.464","2026-03-19 18:14:14.57","3.601","HARDWARE",""
"cmmnzkdbv0041xqknznsyyqgh","Плетений шнур 8 мм","м","2","Категорія: Шнури | Ціна у валюті: 6.48 | excelRow=180
Категорія: Шнури | Ціна у валюті: 6.48 | excelRow=185","2026-03-12 21:34:40.464","2026-03-23 15:29:47.116","269.6","CORDS",""
"cmmnzkdbv0042xqknr0grnhgm","Набір еластичної пряжі","шт","6","Категорія: Шнури | Ціна у валюті: 8.41 | excelRow=181
Категорія: Шнури | Ціна у валюті: 8.41 | excelRow=182","2026-03-12 21:34:40.464","2026-03-23 15:29:54.157","116.987","CORDS",""
"cmmnzkdbv0043xqknfijih16z","Паракорд 6 мм","шт","4","Категорія: Шнури | Ціна у валюті: 5.56 | excelRow=183
Категорія: Шнури | Ціна у валюті: 5.52 | excelRow=184
Категорія: Шнури | Ціна у валюті: 7.43 | світло рожевий | excelRow=232
Категорія: Шнури | Ціна у валюті: 7.45 | Чорний | excelRow=233","2026-03-12 21:34:40.464","2026-03-23 15:29:51.596","271.472","CORDS",""
"cmmnzkdbv0044xqknx3f572dj","Бусини 8 мм (500 г)","гр","500","Категорія: Бусини | excelRow=202","2026-03-12 21:34:40.464","2026-03-23 15:34:02.828","0.626","BEADS",""
"cmmnzkdbv0045xqknt3hfbphc","Білі перли на нитках 6 мм (500 г)","гр","500","Категорія: Бусини | excelRow=203","2026-03-12 21:34:40.464","2026-03-23 15:33:53.163","0.757","BEADS",""
"cmmnzkdbv0046xqkn2dg5t89q","Бусини 16 мм (500 г)","гр","500","Категорія: Бусини | excelRow=204","2026-03-12 21:34:40.464","2026-03-23 15:34:04.639","0.685","BEADS",""
"cmmnzkdbv0047xqknx0749oqz","Nako Sport Wool (Sport Wool) №23162","шт","2","Категорія: Пряжа | excelRow=205","2026-03-12 21:34:40.464","2026-03-19 18:24:05.122","82.07","THREADS",""
"cmmnzkdbw0048xqkn9iyjfsys","Nako Sport Wool (Sport Wool) №3641","шт","1","Категорія: Пряжа | excelRow=206","2026-03-12 21:34:40.464","2026-03-19 18:24:05.122","85.97","THREADS",""
"cmmnzkdbw0049xqknygddjwu8","Nako Sport Wool (Sport Wool) №4211","шт","2","Категорія: Пряжа | excelRow=207","2026-03-12 21:34:40.464","2026-03-19 18:24:05.122","82.07","THREADS",""
"cmmnzkdbw004axqknznk302a6","Nako Sport Wool (Sport Wool) №4987","шт","2","Категорія: Пряжа | excelRow=208","2026-03-12 21:34:40.464","2026-03-19 18:24:05.122","82.07","THREADS",""
"cmmnzkdbw004bxqkn15qbzges","Nako Sport Wool (Sport Wool) №208","шт","2","Категорія: Пряжа | excelRow=209","2026-03-12 21:34:40.464","2026-03-19 16:15:04.982","82.07","THREADS",""
"cmmnzkdbw004cxqknre2ehqka","Alize Superlana Maxi №55 Пряжа","шт","3","Категорія: Пряжа | excelRow=210","2026-03-12 21:34:40.464","2026-03-19 18:14:14.57","96.4","THREADS",""
"cmmnzkdbw004dxqknm1d3vt6m","Alize Superlana Maxi №60 Пряжа","шт","2","Категорія: Пряжа | excelRow=211","2026-03-12 21:34:40.464","2026-03-19 16:14:55.306","97.7","THREADS",""
"cmmnzkdbw004exqknsk2xl20h","Alize Superlana Maxi №801 Пряжа","шт","2","Категорія: Пряжа | excelRow=212","2026-03-12 21:34:40.464","2026-03-19 18:24:05.122","97.7","THREADS",""
"cmmnzkdbw004fxqknlazldzdc","Буси глянцеві срібло 8мм / (C01408)","гр","500","Категорія: Бусини | excelRow=213","2026-03-12 21:34:40.464","2026-03-23 15:34:06.669","0.891","BEADS",""
"cmmnzkdbw004gxqknkuzpe22x","Буси білі жемчуг на нитках 6мм / 500гр (C01206)","шт","4000","Категорія: Бусини | excelRow=214","2026-03-12 21:34:40.464","2026-03-23 15:34:09.737","0.09","BEADS",""
"cmmnzkdbw004hxqkncn2tx38e","Буси жемчуг D на нитках 6мм / 500гр (C4204)","гр","500","Категорія: Бусини | excelRow=216","2026-03-12 21:34:40.464","2026-03-23 15:34:05.733","1.024","BEADS",""
"cmmnzkdbw004ixqkn9t6mw25u","Кольорові круглі намистини 6/8/10 мм","гр","1000","Категорія: Бусини | Ціна у валюті: 4.99 | 1000 шт | excelRow=217
Категорія: Бусини | Колір/Форма: мікс зелені | Ціна у валюті: 3.39 | 1000 шт | excelRow=226","2026-03-12 21:34:40.464","2026-03-23 15:33:47.976","0.349","BEADS",""
"cmmnzkdbw004jxqknxy6fqdsa","Пластикові намистини 6 мм","гр","500","Категорія: Бусини | Ціна у валюті: 15.15 | 3594 шт | excelRow=218","2026-03-12 21:34:40.464","2026-03-23 15:33:22.473","1.26","BEADS",""
"cmmnzkdbw004kxqknn27x49cq","Прозорі акрилові намистини 8 мм","гр","500","Категорія: Бусини | Ціна у валюті: 14.42 | 1800 шт | excelRow=219","2026-03-12 21:34:40.464","2026-03-23 15:27:39.351","1.2","BEADS",""
"cmmnzkdbw004lxqknl7kzalbg","Чорні намистини 8 мм","гр","500","Категорія: Бусини | Ціна у валюті: 12.02 | 2000 шт | excelRow=220","2026-03-12 21:34:40.464","2026-03-23 15:32:37.106","1","BEADS",""
"cmmnzkdbw004mxqkn6d491ecs","Акрилові краплі / овальні","гр","500","Категорія: Бусини | Ціна у валюті: 3.57 | 300 шт | excelRow=221","2026-03-12 21:34:40.464","2026-03-23 15:27:20.567","0.297","BEADS",""
"cmmnzkdbw004nxqknalu4hmv4","Барокові намистини-краплі","гр","500","Категорія: Бусини | Ціна у валюті: 8.65 | 100 шт | excelRow=222","2026-03-12 21:34:40.464","2026-03-23 15:34:14.784","0.72","BEADS",""
"cmmnzkdbw004oxqkne6rcjbxe","Скляні намистини 6 мм","гр","500","Категорія: Бусини | Ціна у валюті: 42.05 | 865 шт | excelRow=223","2026-03-12 21:34:40.464","2026-03-23 15:32:58.667","3.499","BEADS",""
"cmmnzkdbw004pxqknz121rmew","Білі рпямокутні","гр","500","Категорія: Бусини | Колір/Форма: білі | Ціна у валюті: 0.89 | 100 шт | excelRow=225","2026-03-12 21:34:40.464","2026-03-23 15:33:51.925","0.074","BEADS",""
"cmmnzkdbw004qxqkn1p2l5uy2","Металеві круглі ручки","шт","6","Категорія: Фурнітура | Ціна у валюті: 3.83 | Срібло | excelRow=227","2026-03-12 21:34:40.464","2026-03-19 18:14:14.57","26.555","HARDWARE",""
"cmmnzkdbw004rxqkne1jsmcxn","Кінцева заглушка","шт","20","8х9мм","2026-03-12 21:34:40.464","2026-04-09 09:19:18.987","3.058","HARDWARE",""
"cmmnzkdbw004sxqknnw4o2bxy","Двосторонній кольоровий тканий мотузковий шнур","шт","1","Категорія: Шнури | Ціна у валюті: 8.34 | кофе | excelRow=231","2026-03-12 21:34:40.464","2026-03-23 15:30:03.225","350.28","CORDS",""
"cmmnzkdbw004txqknma8d2tqr","Шнур для браслетів 6мм","шт","4.57","Категорія: Шнури | Ціна у валюті: 1.57 | білий | excelRow=235","2026-03-12 21:34:40.464","2026-03-23 15:29:33.275","14.429","CORDS",""
"cmmnzkdbx004uxqknq6echbl8","Товстий шнур 6мм","шт","4.57","Категорія: Шнури | Ціна у валюті: 2.51 | білий | excelRow=236","2026-03-12 21:34:40.464","2026-03-23 15:29:39.765","23.068","CORDS",""
"cmmnzkdbx004vxqknfis24zlj","Паракорд 6 мм для браслетов","шт","1","Категорія: Шнури | Ціна у валюті: 1.57 | Чорний | excelRow=237","2026-03-12 21:34:40.464","2026-03-23 15:29:50.69","65.94","CORDS",""
"cmmnzkdbx004wxqkntugwf4ll","Сумка ведро","шт","1","Категорія: Сумка | Ціна у валюті: 9.26 | Чорний | excelRow=239","2026-03-12 21:34:40.464","2026-03-19 18:14:14.57","388.92","HARDWARE",""
"cmmnzkdbx004xxqkngbjz5jue","Поліестеровий шнур з ротаційним візерунком","шт","2","Категорія: Шнури | Ціна у валюті: 11.38 | кофе | excelRow=240
Категорія: Шнури | Ціна у валюті: 11.42 | лате | excelRow=241","2026-03-12 21:34:40.464","2026-03-23 15:29:42.666","478.8","CORDS",""
"cmmnzkdbx004yxqknl7at6nxt","Нержавіючих сталевих двокільцевих вертлюгів для риболовлі","шт","200","Категорія: Фурнітура | Ціна у валюті: 2.18 | Срібло | excelRow=242","2026-03-12 21:34:40.464","2026-03-19 18:14:14.57","0.458","HARDWARE",""
"cmmnzkdbx004zxqknjg2a4weg","Тканина льон","м","2","Категорія: Тканина | коричнева | excelRow=245
Категорія: Тканина | жовта | excelRow=246","2026-03-12 21:34:40.464","2026-03-23 15:36:45.886","150","FABRIC",""
"cmmnzkdbx0050xqkn1s7jis8t","Буси глянцеві срібло 6мм пакет","шт","3","Категорія: Бусини | Срібло | excelRow=251","2026-03-12 21:34:40.464","2026-03-23 15:34:08.779","319.5","BEADS",""
"cmmnzkdbx0051xqknjlqf2hfu","Nako Paris флагмінго","шт","2","Категорія: Пряжа | excelRow=255","2026-03-12 21:34:40.464","2026-03-19 18:24:05.122","84.36","THREADS",""
"cmmnzkdbx0052xqkn31zjv0jx","Nako Paris білий","шт","2","Категорія: Пряжа | excelRow=256","2026-03-12 21:34:40.464","2026-03-19 16:15:02.744","84.36","THREADS",""
"cmmnzkdbx0053xqkn1cb3wkmv","Нитки мотки і ремінь для машинки","шт","5","Категорія: Фурнітура | мотки | excelRow=258","2026-03-12 21:34:40.464","2026-03-19 18:14:14.57","16","HARDWARE",""
"cmmnzkdbx0054xqknalxeaynu","Телеграм Yanitochka_yarn","шт","9","Категорія: Пряжа | Ціна у валюті: 387 | по 100гр в шт | excelRow=263
Категорія: Пряжа | Ціна у валюті: 537 | по 100гр в шт | excelRow=264
Категорія: Пряжа | Ціна у валюті: 267 | по 100гр в шт | excelRow=265","2026-03-12 21:34:40.464","2026-03-19 18:24:45.555","132.333","THREADS",""
"cmmnzkdbx0055xqknfjkuglaa","Конуси","шт","4","Категорія: Пряжа | Ціна у валюті: 28 | excelRow=266","2026-03-12 21:34:40.464","2026-03-23 15:35:48.105","7","THREADS",""
"cmmnzkdbx0056xqknoptevl4z","Alise Lana Gold Пряжа","шт","8","Категорія: Пряжа | excelRow=267
Категорія: Пряжа | excelRow=268
Категорія: Пряжа | excelRow=269
Категорія: Пряжа | excelRow=270","2026-03-12 21:34:40.464","2026-03-19 16:14:52.085","67.741","THREADS",""
"cmmnzkdbx0057xqknjkm473hp","gazzal XL Baby wool","шт","5","Категорія: Пряжа | excelRow=271
Категорія: Пряжа | excelRow=272
Категорія: Пряжа | excelRow=273
Категорія: Пряжа | excelRow=292
Категорія: Пряжа | excelRow=293","2026-03-12 21:34:40.464","2026-03-23 15:25:05.986","59.55","THREADS",""
"cmmnzkdbx0058xqkndfqxzd2v","gazzal Baby wool","шт","3","Категорія: Пряжа | excelRow=274
Категорія: Пряжа | excelRow=291
Категорія: Пряжа | excelRow=294","2026-03-12 21:34:40.464","2026-03-23 15:25:04.887","60.79","THREADS",""
"cmmnzkdbx0059xqknanq5nout","Trikolino (трикотажна пряжа 7–9мм,60м)","шт","2","Категорія: Нитки | червоний | excelRow=277","2026-03-12 21:34:40.464","2026-03-19 18:25:26.771","141.55","THREADS",""
"cmmnzkdbx005axqkn0ivro91c","Trikolino (трикотажна пряжа 7–9мм, 60м)","шт","8","Категорія: Нитки | Антрацит меланж | excelRow=279
Категорія: Нитки | Колір/Форма: Світло Зелений | excelRow=330
Категорія: Нитки | Колір/Форма: Банановий Шейк | excelRow=331
Категорія: Нитки | Колір/Форма: Лимон | excelRow=332","2026-03-12 21:34:40.464","2026-03-19 18:24:05.122","155.8","THREADS",""
"cmmnzkdbx005bxqknj8hs99g3","Пряжа трикотажна Confetti (7-9 мм)","шт","8",,"2026-03-12 21:34:40.464","2026-04-07 07:53:37.862","219.1","THREADS","Ніжно-рожевий"
"cmmnzkdbx005cxqknoh3opijy","Коробка максі","шт","10","Категорія: Пакування | excelRow=286","2026-03-12 21:34:40.464","2026-03-19 18:14:14.57","23.6","HARDWARE",""
"cmmnzkdbx005dxqkn2hjgw42l","Коробка мікро","шт","10","Категорія: Пакування | 90х90х30 | excelRow=289","2026-03-12 21:34:40.464","2026-03-19 18:14:14.57","3.8","HARDWARE",""
"cmmnzkdbx005exqknbwpqqonr","Скотч","шт","1","Категорія: Пакування | 50м | excelRow=290","2026-03-12 21:34:40.464","2026-03-19 18:14:14.57","69.8","HARDWARE",""
"cmmnzkdbx005fxqknb8twq2o4","Пряжа Gazzal Super Kid Mohair/Газзал Супер Кід","шт","14","Категорія: Пряжа | Колір/Форма: Коричневий | excelRow=295
Категорія: Пряжа | Колір/Форма: Рожевий | excelRow=296
Категорія: Пряжа | Колір/Форма: Білий | excelRow=297
Категорія: Пряжа | Колір/Форма: Темно-Синій | excelRow=298
Категорія: Пряжа | Колір/Форма: Оливковий | excelRow=299
Категорія: Пряжа | Колір/Форма: Троянда | excelRow=300
Категорія: Пряжа | Колір/Форма: Сірий | excelRow=301","2026-03-12 21:34:40.464","2026-03-23 15:35:35.129","112.48","THREADS",""
"cmmnzkdby005gxqknia397fya","Пряжа YarnArt Baby Cotton | ЯрнАрт Бебі Коттон","шт","10","Категорія: Пряжа | Колір/Форма: Оливковий | excelRow=302
Категорія: Пряжа | Колір/Форма: Світло Блакитний | excelRow=303
Категорія: Пряжа | Колір/Форма: Індіго | excelRow=304","2026-03-12 21:34:40.464","2026-03-19 18:24:45.555","35.52","THREADS",""
"cmmnzkdby005hxqknrkhmekhu","Пряжа YarnArt Imperial Merino","шт","10","Категорія: Пряжа | Колір/Форма: Рожевий | excelRow=305
Категорія: Пряжа | Колір/Форма: Ментол | excelRow=306
Категорія: Пряжа | Колір/Форма: Блакитний | excelRow=307
Категорія: Пряжа | Колір/Форма: Блакитний | excelRow=308
Категорія: Пряжа | Колір/Форма: Темно-Синій | excelRow=309","2026-03-12 21:34:40.464","2026-03-19 18:24:45.555","75.48","THREADS",""
"cmmnzkdby005ixqknl7reiz0f","Молнія на сумку","шт","2","Категорія: Фурнітура | Колір/Форма: Рожевий | 60 та 80см | excelRow=310","2026-03-12 21:34:40.464","2026-03-19 18:14:14.57","17.5","HARDWARE",""
"cmmnzkdby005jxqknofbssgjg","Листівки","шт","100","Категорія: Пакування | А6 | excelRow=311","2026-03-12 21:34:40.464","2026-03-19 18:14:14.57","4.94","HARDWARE",""
"cmmnzkdby005kxqkne9b0sa1p","Пряжа YarnArt Macrame Cotton Ярнарт Макраме Коттон колір 767 рожевий, 1 моток 250г","шт","1","Категорія: Нитки | рожевий | excelRow=312","2026-03-12 21:34:40.464","2026-03-19 18:24:45.555","127.6","THREADS",""
"cmmnzkdby005lxqknu1fbx0ea","Пряжа YarnArt Macrame Cotton Ярнарт Макраме Коттон колір 764 жовток, 1 моток 250г","шт","2","Категорія: Нитки | жовтий | excelRow=313","2026-03-12 21:34:40.464","2026-03-19 18:24:45.555","127.6","THREADS",""
"cmmnzkdby005mxqknpnongirf","Пряжа YarnArt Macrame Cotton Ярнарт Макраме Коттон колір 762 рожевий, 1 моток 250г","шт","3","Категорія: Нитки | рожевий | excelRow=314","2026-03-12 21:34:40.464","2026-03-19 18:24:45.555","127.6","THREADS",""
"cmmnzkdby005nxqknu2ovjcvh","Пряжа YarnArt Macrame Cotton Ярнарт Макраме Коттон колір 769 коричневий","шт","3","Категорія: Нитки | коричневий | excelRow=315","2026-03-12 21:34:40.464","2026-03-19 18:24:45.555","127.6","THREADS",""
"cmmnzkdby005oxqknk31nvw8s","Перлинні Намистини / Ø-6 мм / Упаковка 500 грам ≈ 4000 шт / Графітовий","шт","3","Категорія: Бусини | Колір/Форма: Графітовий | excelRow=318","2026-03-12 21:34:40.464","2026-03-23 15:33:26.576","219.39","BEADS",""
"cmmnzkdby005pxqknzp3p6kzo","Перлинні Намистини / Ø-6 мм / Упаковка 500 грам ≈ 4000 шт / Срібний","шт","3","Категорія: Бусини | Колір/Форма: Срібний | excelRow=319","2026-03-12 21:34:40.464","2026-03-23 15:33:25.017","219.39","BEADS",""
"cmmnzkdby005qxqkna9zdvxrk","Нитки 2мм-3мм Натуральні Бісер з Кольоровим Покриттям – Багатогранні Іскри","уп","1","Категорія: Бусини | Колір/Форма: Чорний | Ціна у валюті: 5.11 | excelRow=320","2026-03-12 21:34:40.464","2026-03-23 15:30:52.949","217.175","BEADS",""
"cmmnzkdby005rxqknrye888jw","Акрилові намистини 6мм","уп","6","Категорія: Бусини | Колір/Форма: Жвачка | Ціна у валюті: 5.13 | excelRow=321","2026-03-12 21:34:40.464","2026-04-08 19:44:48.667","217.85","BEADS","Жвачка"
"cmmnzkdby005sxqknb5x96c0n","Брелкові намистини","шт","30","Категорія: Бусини | Колір/Форма: Різнокольорові | Ціна у валюті: 3.17 | excelRow=322","2026-03-12 21:34:40.464","2026-04-08 18:49:09.494","4.49","BEADS","Ретро керамічних намистин"
"cmmnzkdby005txqkn0rfcw4v8","Замшевий шнур на бобіні / Штучна замша / ~40 метр / 2,6мм*1,3мм / Ніжно-рожевий","шт","1","Категорія: Шнури | Колір/Форма: Ніжно Рожевий | 100 м | excelRow=323","2026-03-12 21:34:40.464","2026-03-23 15:29:59.612","102.66","CORDS",""
"cmmnzkdby005uxqkn1pvui37b","Замшевий шнур на бобіні / Штучна замша / ~40 метр / 2,6мм*1,3мм / Жовтий","шт","1","Категорія: Шнури | Колір/Форма: Жовтий | 100 м | excelRow=324","2026-03-12 21:34:40.464","2026-03-23 15:30:00.664","102.66","CORDS",""
"cmmnzkdby005vxqkntvh5kxgi","Тканина підкладка","м","1","Категорія: Тканина | Колір/Форма: Рожевий | excelRow=326","2026-03-12 21:34:40.464","2026-03-23 15:36:44.948","140","FABRIC",""
"cmmnzkdby005wxqknm5olrzjg","YarnArt Macrame Cotton","шт","2","Категорія: Нитки | Колір/Форма: Пастельно-Рожевий | excelRow=333","2026-03-12 21:34:40.464","2026-03-19 18:24:45.555","164.345","THREADS",""
"cmmnzkdby005xxqknd7acue10","Круглий металевий пружинний брелок","шт","36","Категорія: Фурнітура | Колір/Форма: Срібний | Ціна у валюті: 3.66 | excelRow=338","2026-03-12 21:34:40.464","2026-03-19 18:14:14.57","4.27","HARDWARE",""
"cmmnzkdby005yxqkn1hxqtu3k","Набір сережок із нержавіючої сталі: плоскі круглі затискачі","уп","1","Категорія: Фурнітура | Колір/Форма: Срібний | Ціна у валюті: 1.46 | excelRow=339","2026-03-12 21:34:40.464","2026-03-19 18:14:14.57","60.736","HARDWARE",""
"cmmnzkdby005zxqknora30y89","Сережки-гвоздики з штифтами та затискачами","уп","1","Категорія: Фурнітура | Колір/Форма: Срібний | Ціна у валюті: 2.18 | excelRow=340","2026-03-12 21:34:40.464","2026-03-19 18:14:14.57","91.56","HARDWARE",""
"cmmnzkdby0060xqknauljivqn","Квадратних роздільних намистин 2 мм: кубічні роздільники зі сплаву","уп","1","Категорія: Фурнітура | Колір/Форма: Срібний | Ціна у валюті: 3.23 | excelRow=341","2026-03-12 21:34:40.464","2026-03-19 18:14:14.57","134.368","HARDWARE",""
"cmmnzkdby0061xqkngi43468x","Набір сережок із нержавіючої сталі (50 шт.): плоскі круглі затискач","уп","1","Категорія: Фурнітура | Колір/Форма: Срібний | Ціна у валюті: 2.06 | excelRow=342","2026-03-12 21:34:40.464","2026-03-19 18:14:14.57","86.52","HARDWARE",""
"cmmnzkdbz0062xqknquxujht3","Силіконові заглушки для сережок-гвоздик","уп","1","Категорія: Фурнітура | Колір/Форма: Прозорі | Ціна у валюті: 1.27 | 120/220/500 шт. | excelRow=343","2026-03-12 21:34:40.464","2026-04-09 09:15:55.419","52.832","HARDWARE",""
"cmmnzkdbz0063xqknpkcir41q","Застібки","шт","350","Категорія: Фурнітура | Колір/Форма: Срібний | Ціна у валюті: 2.89 | Набір з 350 шт.: | excelRow=344","2026-03-12 21:34:40.464","2026-04-09 09:16:41.35","0.34","HARDWARE",""
"cmmnzkdbz0064xqknbv61mdry","Цинковий Сплав Конектор Застібка Кримп Кінець Намистини","уп","1","Категорія: Фурнітура | Колір/Форма: Срібний | Ціна у валюті: 1.28 | 100шт | excelRow=345","2026-03-12 21:34:40.464","2026-03-19 18:14:14.57","53.248","HARDWARE",""
"cmmnzkdbz0065xqkng4a0uu1m","Кінцівки для шнурів : різнокольорові та різнорозмірні металеві","уп","1","Категорія: Фурнітура | Колір/Форма: Срібний | Ціна у валюті: 1.48 | 20 шт. | excelRow=346","2026-03-12 21:34:40.464","2026-03-23 15:29:58.343","62.16","CORDS",""
"cmmnzkdbz0066xqkn6brbrl2m","Міцний дріт з нержавіючої сталі 1 рулон 0.3","уп","1","Категорія: Фурнітура | Колір/Форма: Срібний | Ціна у валюті: 1.39 | excelRow=347","2026-03-12 21:34:40.464","2026-03-19 18:14:14.57","57.824","HARDWARE",""
"cmmnzkdbz0067xqknvp44fzwl","Прозора нейлонова волосінь","уп","4","Категорія: Фурнітура | Ціна у валюті: 2.3 | 0,3мм | excelRow=348","2026-03-12 21:34:40.464","2026-03-19 18:14:14.57","96.6","HARDWARE",""
"cmmnzkdbz0068xqknu67c4csk","Дешка","шт","30","Категорія: Фурнітура | Колір/Форма: Срібний | Ціна у валюті: 2.86 | 30 шт | excelRow=349","2026-03-12 21:34:40.464","2026-04-08 19:33:29.217","4","HARDWARE",""
"cmmnzkdbz0069xqkn2234cg9y","Магніт","шт","15","Магнітних ґудзиків для шиття 14 мм","2026-03-12 21:34:40.464","2026-04-08 18:54:35.368","9.45","HARDWARE","Золотий"
"cmmnzkdbz006axqkn0bdy1za1","Круглі карабіни","шт","100","Категорія: Фурнітура | Колір/Форма: Срібний | Ціна у валюті: 6.63 | 50 шт. | excelRow=351
Категорія: Фурнітура | Колір/Форма: Срібний | Ціна у валюті: 6.77 | 50 шт. | excelRow=359","2026-03-12 21:34:40.464","2026-04-08 19:30:16.253","5.662","HARDWARE",""
"cmmnzkdbz006bxqknm44bqc34","Кольорові Овальні Карабіни, 25x50мм","шт","12","Категорія: Фурнітура | Колір/Форма: Різнокольорові | Ціна у валюті: 4.89 | excelRow=352","2026-03-12 21:34:40.464","2026-03-19 18:14:14.57","17.115","HARDWARE",""
"cmmnzkdbz006cxqknel6fdb9w","Максі карабін","шт","6","Категорія: Фурнітура | Колір/Форма: Срібний | Ціна у валюті: 4.56 | excelRow=353","2026-03-12 21:34:40.464","2026-04-08 19:34:48.88","31.616","HARDWARE",""
"cmmnzkdbz006dxqknrdxbir11","Стандарт карабін","шт","15","Категорія: Фурнітура | Колір/Форма: Рожевий | Ціна у валюті: 3.12 | excelRow=354","2026-03-12 21:34:40.464","2026-04-08 19:39:43.219","10.10133333333333","HARDWARE",""
"cmmnzkdbz006exqknr2zc4bnr","Алюмінієві ключові кільця","шт","20","Категорія: Фурнітура | Колір/Форма: Білий | Ціна у валюті: 2.91 | excelRow=355","2026-03-12 21:34:40.464","2026-03-19 18:14:14.57","6.184","HARDWARE",""
"cmmnzkdbz006fxqkn3gxk06bz","Брелоки, багатофункціональні пружинні затискачі з відкритими кільцями","шт","30","Категорія: Фурнітура | Колір/Форма: Золотий | Ціна у валюті: 4.15 | excelRow=356","2026-03-12 21:34:40.464","2026-03-19 18:14:14.57","5.879","HARDWARE",""
"cmmnzkdbz006gxqkn5qa2wisv","U-подібних трубок-позиціонерів для з'єднання при виготовленні ювелірних виробів","шт","300","Категорія: Фурнітура | Колір/Форма: Срібний | Ціна у валюті: 2.1 | excelRow=357","2026-03-12 21:34:40.464","2026-04-08 18:51:08.742","0.3","HARDWARE",""
"cmmnzkdbz006hxqknhgg84e7p","Набір з 5 міцних гачків з алюмінієвого сплаву для зовнішнього використання","шт","5","Категорія: Фурнітура | Колір/Форма: Чорний | Ціна у валюті: 3.07 | excelRow=360","2026-03-12 21:34:40.464","2026-04-08 19:04:19.755","26.095","HARDWARE","Чорний"
"cmmnzkdbz006ixqkn61axrg94","Незамінні прикраси | 20 керамічних намистин у формі зірок з нерівними краями","уп","1","Категорія: Бусини | Ціна у валюті: 3.11 | excelRow=361","2026-03-12 21:34:40.464","2026-03-23 15:33:32.066","132.175","BEADS",""
"cmmnzkdbz006jxqknge5a0ql9","Акрилові намистини з ефектом блакитного та білого порцеляну","грам","30","Категорія: Бусини | Ціна у валюті: 1.41 | 1.06 унції | excelRow=362","2026-03-12 21:34:40.464","2026-04-08 18:47:18.696","59.925","BEADS",""
"cmmnzkdbz006kxqknjd694lee","Готовий брелок","шт","5","Категорія: Бусини | Ціна у валюті: 0.67 | excelRow=363","2026-03-12 21:34:40.464","2026-04-08 19:06:37.622","25.6","HARDWARE",""
"cmmnzkdbz006lxqkn6ej6wjq6","Акрилових Намистин 1.06oz - Різноманітні Кольори","уп","1","Категорія: Бусини | Колір/Форма: Різнокольорові | Ціна у валюті: 1.89 | excelRow=364","2026-03-12 21:34:40.464","2026-03-23 15:27:16.717","80.325","BEADS",""
"cmmnzkdbz006mxqknavnlkbv4","Акрилові Намистини з Отворами","шт","20","1 упаковка","2026-03-12 21:34:40.464","2026-04-08 18:46:05.79","2.7","BEADS","Чорно-білі"
"cmmnzkdbz006nxqkn1fzhr9fr","Чарівний регульований шнурок для телефону","шт","2","Категорія: Ременці | Колір/Форма: Рожевий | Ціна у валюті: 2.58 | excelRow=366","2026-03-12 21:34:40.464","2026-03-23 15:29:38.404","55.47","CORDS",""
"cmmnzkdbz006oxqknuyvtguwk","Нова регульована стрічка","шт","1","Категорія: Ременці | Колір/Форма: Чорний | Ціна у валюті: 2.43 | excelRow=367","2026-03-12 21:34:40.464","2026-03-23 15:34:50.201","104.49","STRAPS",""
"cmmnzkdc0006pxqkn9xvbz812","Поліестерова плетена мотузка 6 мм","шт","1","Категорія: Шнури | Колір/Форма: Синій | Ціна у валюті: 6.18 | excelRow=368","2026-03-12 21:34:40.464","2026-03-23 15:29:45.997","265.74","CORDS",""
"cmmnzkdc0006qxqknfzsmwo3b","В'язана сумка через плече","шт","2","Категорія: Сумка | Колір/Форма: Синій | Ціна у валюті: 3.23 | excelRow=369
Категорія: Сумка | Колір/Форма: Червоний | Ціна у валюті: 3.23 | excelRow=370","2026-03-12 21:34:40.464","2026-04-09 09:15:01.785","138.89","HARDWARE",""
"cmmnzkdc0006rxqkntlxd6w5n","Металева леска","шт","1","Категорія: Фурнітура | Колір/Форма: Срібний | Ціна у валюті: 40 | excelRow=373","2026-03-12 21:34:40.464","2026-03-19 18:14:14.57","40","HARDWARE",""
"cmmw51bur0000jg04x9nlsz2d","YarnArt Maccheroni, Персик","шт","1",,"2026-03-18 14:29:59.142","2026-03-23 15:20:40.172","179.99","THREADS",""
"cmmw529de0000l704dhvvvkoc","YarnArt Maccheroni, Темна полинь","шт","1",,"2026-03-18 14:30:42.67","2026-03-23 15:20:53.31","179.99","THREADS",""
"cmmw53ciu0000ky045ow8k4s2","YarnArt Maccheroni, бліда м'ята","шт","1",,"2026-03-18 14:31:32.847","2026-03-23 15:20:50.22","208.99","THREADS",""
"cmmw68t9f0001kw04bhu8ep9k","Паракорд 6мм","метри","10",,"2026-03-18 15:03:47.912","2026-04-07 16:10:12.962","297","CORDS","глибокий синій"
"cmmw69i5a0002kw04qs71f0ki","Паракорд 6мм глибокий рожевий","10м","1",,"2026-03-18 15:04:20.163","2026-03-23 15:46:01.57","293","CORDS",""
"cmmwmgu0f0000xqg75g9aqhi8","Нитки Macrame 2mm","шт","2",,"2026-03-18 22:37:55.655","2026-03-18 22:37:55.655","230.2","THREADS","Жовтий"
"cmmwmgu0i0001xqg77lle8rmv","Нитки Macrame 2mm","шт","3",,"2026-03-18 22:37:55.655","2026-03-18 22:37:55.655","220","THREADS","Червоний"
"cmmxsyb0l0000xqxli3vfei0m","Перлинні намистини круглі 6 мм","грам","250",,"2026-03-19 18:27:15.025","2026-03-19 18:27:15.025","236.25","BEADS","Рожевий"
"cmmxsyb0o0001xqxl0aujby4e","Перлинні намистини круглі 6 мм","грам","250",,"2026-03-19 18:27:15.025","2026-03-19 18:27:15.025","236.25","BEADS","Блакитний"
"cmmxt58ft0002xqxln8y00ml8","Акрилові намистини 6мм","грам","500",,"2026-03-19 18:32:37.862","2026-03-19 18:32:37.862","325.78","BEADS","Жовтий"
"cmmxt58fy0003xqxlh459fii4","Акрилові намистини 6мм","грам","500",,"2026-03-19 18:32:37.862","2026-04-08 18:32:43.071","325.78","BEADS","Бірюза"
"cmmxt58fy0004xqxlj6l1nqpf","Акрилові намистини 6мм","грам","500",,"2026-03-19 18:32:37.862","2026-03-19 18:32:37.862","217.11","BEADS","Чорний"
"cmmxt58fy0005xqxlmzyetz3y","Акрилові намистини 6мм","грам","500",,"2026-03-19 18:32:37.862","2026-04-08 18:32:37.068","325.78","BEADS","Маршмеллоу"
"cmmxt6fk50006xqxln9xd7hu2","Кнопка-магніт сумочна 14мм","шт","10",,"2026-03-19 18:33:34.229","2026-03-19 18:33:34.229","3.04","HARDWARE","Нікель"
"cmmxt717s0007xqxlwl786lzi","Карабін для ключів","шт","20","34мм","2026-03-19 18:34:02.307","2026-04-09 09:16:51.235","4.05","HARDWARE","Золото"
"cmmxt8vu10008xqxl17yhvomo","Круглі карабіни","шт","30",,"2026-03-19 18:35:28.643","2026-04-08 19:31:53.881","7.14","HARDWARE","Золото"
"cmmxtai1h0009xqxli6ciyd86","Карабіни серце","шт","10",,"2026-03-19 18:36:44.077","2026-04-08 19:31:33.784","7.39","HARDWARE","Срібло"
"cmmxtbav6000axqxl4hp3s89r","Кнопка-магніт 14мм","шт","20",,"2026-03-19 18:37:21.435","2026-03-19 18:37:21.435","5.56","HARDWARE","Золотий"
"cmn3d0lcj0002l2049vjnppfu","Металеві бірки Gerdan","шт","30",,"2026-03-23 15:47:44.86","2026-04-07 15:31:39.281","100","HARDWARE","золото"
"cmn3d0lcj0003l204na5ktos1","Металеві бірки Gerdan","шт","30",,"2026-03-23 15:47:44.86","2026-04-07 15:31:40.919","100","HARDWARE","срібло"
"cmng05zd30000l704n3873669","Металеві гачки-краби для брелоків","шт","350",,"2026-04-01 12:09:01.675","2026-04-07 15:33:18.064","0.36","HARDWARE","Срібло"
"cmng099dc0000jx04vq10wxr0","100 нестандартних намистин з прямим отвором","шт","100",,"2026-04-01 12:11:34.612","2026-04-01 12:11:34.612","1.3","BEADS","Змішаний колір блакитного"
"cmng0bg6h0000kz04xwickdpf","Білий Товстий Шнур для Ручної Роботи 6мм","метри","5","5 ярдів","2026-04-01 12:13:16.837","2026-04-07 16:08:42.103","10","CORDS","Білий"
"cmng0o6ni0001jx04ggwryohm","Магніт","шт","65","15 шт безкоштовно","2026-04-01 12:23:10.453","2026-04-08 19:01:27.425","5.89","HARDWARE","Срібло"
"cmng0ugbr0003jx04qj6adnli","Алюмінієві сумочкові ланцюжки","шт","2",,"2026-04-01 12:28:03.404","2026-04-07 15:51:40.27","23.2","HARDWARE","80см золото"
"cmng0xwi80004jx04e5dyrtlo","Набір з 1300 кремових скляних намистин розміром 2 мм","грам","50",,"2026-04-01 12:30:44.246","2026-04-01 12:30:44.246","35","BEADS","рожевий колір = приблизно 50гр"
"cmng0xwi80005jx04eosu06a0","Набір з 1300 кремових скляних намистин розміром 2 мм","грам","100",,"2026-04-01 12:30:44.246","2026-04-07 15:44:53.79","29.1","BEADS","білий"
"cmng137hi0006jx046qkjll0d","Різнокольорові акрилові намистини для DIY-виробів","шт","15",,"2026-04-01 12:34:51.281","2026-04-07 15:39:28.711","5.39","BEADS","кульки з цифрами кольорові"
"cmng137hj0007jx04zwmhu41t","Різнокольорові акрилові намистини для DIY-виробів","шт","20",,"2026-04-01 12:34:51.281","2026-04-07 15:42:39.987","2.5","BEADS","з ефектом порцеляни біло-блакитні"
"cmng137hj0008jx04lzx64uzq","Різнокольорові акрилові намистини для DIY-виробів","шт","20",,"2026-04-01 12:34:51.281","2026-04-07 15:42:07.312","7.5","BEADS","Японсько-корейські квадратні намистини Sweetbeads"
"cmng1ade60005ie04njaelnrh","Брелкові намистини","шт","55",,"2026-04-01 12:40:24.968","2026-04-07 15:41:41.78","1.02","BEADS","Дзеркальні нестандартні роздільники - срібло"
"cmng1ade70006ie04gea96fbl","Брелкові намистини","шт","200",,"2026-04-01 12:40:24.968","2026-04-07 15:45:27.351","0.31","BEADS","Неправильних Білих Намистин - білий"
"cmng1ade70007ie0487nf1clx","Брелкові намистини","шт","200",,"2026-04-01 12:40:24.968","2026-04-07 15:46:56.616","0.31","BEADS","8 мм/200 шт. білих акрилових роздільників неправильної форми - білий"
"cmng1ade70008ie045l156bj9","Брелкові намистини","шт","105",,"2026-04-01 12:40:24.968","2026-04-07 15:47:27.609","0.63","BEADS","Набір різнокольорових камінців 4 мм - срібло"
"cmng1ade70009ie048epbhsoy","Брелкові намистини","шт","50","акрилових  намистин квадратної форми різних кольорів - стильні квадратні","2026-04-01 12:40:24.968","2026-04-07 16:14:12.387","0.9","BEADS","різнокольорові"
"cmng1c96a0000l704q5w194pc","Кінцівки для шнурів","шт","20","6*7mm","2026-04-01 12:41:53.465","2026-04-07 16:01:51.56","2","HARDWARE","срібло"
"cmng1dia30000jx04ka3xtvk3","Алюмінієві сумочкові ланцюжки","шт","1",,"2026-04-01 12:42:52.474","2026-04-01 12:42:52.474","66","HARDWARE","золото товсті 80см"
"cmng1f8mb000aie0430tgf9qs","Стопери-Роздільники з Нержавіючої Сталі","шт","1000",,"2026-04-01 12:44:13.191","2026-04-07 15:43:45.915","0.06","HARDWARE","1000 шт. 2мм"
"cmng1h26c000bie04wrwlkoh1","Дешка","шт","100","25мм","2026-04-01 12:45:37.683","2026-04-08 19:32:38.131","2.44","HARDWARE","срібло"
"cmng1i3v3000cie0402q3ghz6","Нержавіюча сталь Застібки-лобстери","шт","100",,"2026-04-01 12:46:26.996","2026-04-07 15:50:05.347","0.45","HARDWARE","срібло  2.4*12.5mm / 100 шт"
"cmng1l5z00001l704hdilq1hf","Рибальська волосінь","метри","1000",,"2026-04-01 12:48:49.606","2026-04-08 18:26:52.392","0.28","HARDWARE","0.28 мм-9.8 кг-500 м (546 ярдів) / білий  - The SIUATIONA"
"cmng1l5z00002l7044trk6btc","Рибальська волосінь","метри","100",,"2026-04-01 12:48:49.606","2026-04-07 15:55:36.417","0.52","HARDWARE","99.67 метрів Рибальська волосінь | 1.81KG-16.33KG"
"cmng1mv5j0003l704ttc2buni","Нитка нефритова","метри","50",,"2026-04-01 12:50:08.987","2026-04-07 15:54:06.609","1.04","CORDS","0.8MM, довжина 50 метрів - блакитна"
"cmng1ppwd0004l704psuq0lt6","Паракорд 5мм","метри","10",,"2026-04-01 12:52:21.669","2026-04-07 15:54:33.389","6.36","CORDS","чорний 10 м"
"cmng6v2l70000kw04fiaveulg","Кольорові Перламутрові Акрилові","грам","130","6 мм","2026-04-01 15:16:30.038","2026-04-07 15:59:16.223","217","BEADS","баблгам"
"cmng6womz0000ih04u322n4fr","Подвійні Стрічкові Кільця, DIY Брелоки","шт","300","300 шт.  Сплав 6мм","2026-04-01 15:17:45.271","2026-04-07 16:00:03.802","0.34","HARDWARE","Білий"
"cmnob9g6u0000jr04g6e4t5j6","Пряжа трикотажна Barwa 7-9 мм, 100 м","шт","2",,"2026-04-07 07:41:48.726","2026-04-07 07:41:48.726","228","THREADS","Матча латте"
"cmnobb3e90000l4042obo3ubs","Трикотажний шнур PP Macrame Midi 3 мм","шт","8",,"2026-04-07 07:43:05.457","2026-04-07 07:43:05.457","104","THREADS","Ніжно-блакитний"
"cmnobclub0000kz04pfozu8mn","Шнур поліефірний Matte Macrame 3,5 мм","шт","8",,"2026-04-07 07:44:16.02","2026-04-07 07:44:16.02","141.6","THREADS","Диня"
"cmnobe1lg0001kz04ifqldt70","Шнур поліефірний Matte Macrame 3 мм","шт","8",,"2026-04-07 07:45:22.999","2026-04-07 07:45:22.999","147.2","THREADS","Коричневий"
"cmnobe1lg0002kz04s70mi2d8","Шнур поліефірний Matte Macrame 3 мм","шт","8",,"2026-04-07 07:45:22.999","2026-04-07 07:45:22.999","147.2","THREADS","Ніжно-рожевий"
"cmnobqb2h0000kz04l7lgpp7e","Пряжа трикотажна Barwa 7-9 мм, 100 м","шт","3",,"2026-04-07 07:54:55.242","2026-04-07 07:54:55.242","228","THREADS","Мелон"
"cmnobtiv50002l404fm36rqhl","Пряжа трикотажна Barwa 7-9 мм, 100 м","шт","5",,"2026-04-07 07:57:25.313","2026-04-07 07:57:25.313","228","THREADS","Мак"
"cmnobu6n90003l4045h6s4mow","Пряжа трикотажна Confetti (7-9 мм)","шт","3",,"2026-04-07 07:57:56.134","2026-04-07 07:57:56.134","199.2","THREADS","Небесно-блакитний"
"cmnot5mro0000k0042n5eoicv","Кінцівки для шнурів-фіксатори","шт","20",,"2026-04-07 16:02:43.717","2026-04-07 16:02:43.717","4.2","HARDWARE","Срібло"
"cmnot6kjk0001k0040gjj7elh","Картки для пакування ювелірних виробів","шт","50",,"2026-04-07 16:03:27.488","2026-04-07 16:03:27.488","1.4","HARDWARE",""
"cmnot91r90000jr04qq2wzopy","Персоналізовані печаткові наклейки","шт","100","14 см х 6 см","2026-04-07 16:05:23.11","2026-04-07 16:05:46.089","1.848","HARDWARE",""
"cmnotbmgo0000jp044rpc3f13","Міні карабіни срібні","шт","30",,"2026-04-07 16:07:23.257","2026-04-07 16:07:23.257","3.256","HARDWARE","срібло"
"cmnoth9my0002k004fzy75isf","Паракорд 6мм","метри","5",,"2026-04-07 16:11:46.571","2026-04-07 16:11:46.571","49.6","CORDS","морський сніг"
"cmnotjmpg0001jr04k8c8egv5","Брелкові намистини","шт","10","Кольорові","2026-04-07 16:13:36.82","2026-04-07 16:14:35.927","7.29","BEADS","шахматний"
"cmnotlxmn0004k0045lwq3ync","Градієнтна плетена мотузка","метри","10","4мм","2026-04-07 16:15:24.287","2026-04-07 16:15:32.8","8.75","CORDS","Блакитно-білий"
"cmnqd05960000l7040gzuub3g","Нейлоновий нержавіючий дріт","метри","50",,"2026-04-08 18:06:06.235","2026-04-08 18:06:06.235","1.45","HARDWARE",""
"cmnqd3ei40000l2049gueahef","Брелкові намистини","шт","80","5х8мм овал змішаний","2026-04-08 18:08:38.096","2026-04-08 18:10:11.19","2.86","BEADS","Кольорові скляні"
"cmnqd3ei40001l204whm9m59b","Брелкові намистини","шт","30",,"2026-04-08 18:08:38.096","2026-04-08 18:10:12.647","2.833","BEADS","Акрилові намистини у формі квіток"
"cmnqd79j00000jp0418ianpj8","Металева пряжа","шт","2",,"2026-04-08 18:11:38.365","2026-04-08 18:11:38.365","116.5","THREADS","Синій №14 (безкоштовно)"
"cmnqd9gn30002l2042h9akw7x","Брелкові намистини","шт","10",,"2026-04-08 18:13:20.803","2026-04-08 18:13:20.803","11.32","BEADS","Керамічні намистини у формі каченят 13мм змішаний колір"
"cmnqd9gn30003l2048gzwjlmr","Брелкові намистини","шт","30",,"2026-04-08 18:13:20.803","2026-04-08 18:13:20.803","6.467","BEADS","Натуральні круглі намистини з фіолетовими плямами - камінь 12мм"
"cmnqdanu20001jp04b3oqx8xe","Нашийний ремінець для телефону","шт","1",,"2026-04-08 18:14:16.875","2026-04-08 18:14:16.875","81","STRAPS","Бежевий"
"cmnqdcuk90000l8046h26gaaq","Паракорд 6мм","метри","5",,"2026-04-08 18:15:58.813","2026-04-08 18:15:58.813","49.24","CORDS","Чорно-білий (05 МХА)"
"cmnqdcuk90001l804b3pfuog2","Паракорд 6мм","метри","5",,"2026-04-08 18:15:58.813","2026-04-08 18:15:58.813","38.8","CORDS","Рожева пудра Цукерка (11 МХА) - безкоштовно"
"cmnqdejc40002l8047ch1vsoj","Брелкові намистини","шт","8",,"2026-04-08 18:17:17.576","2026-04-08 18:17:17.576","10","BEADS","Змішаний колір - Квадрати у формі серця"
"cmnqdejc40003l804f86jzsil","Брелкові намистини","шт","15",,"2026-04-08 18:17:17.576","2026-04-08 18:17:17.576","4","BEADS","Червоні серця"
"cmnqdhvcl0002jp04gc5uzxk7","Брелкові намистини","шт","100",,"2026-04-08 18:19:53.114","2026-04-08 18:19:53.114","0.6","BEADS","Білі акрилові зірки 10мм"
"cmnqdhvcm0003jp04fi1g6hra","Брелкові намистини","шт","30",,"2026-04-08 18:19:53.114","2026-04-08 18:19:53.114","6.2","BEADS","Бежеві керамічні намистини морський стиль"
"cmnqdhvcm0004jp04j6u8p38g","Брелкові намистини","шт","20",,"2026-04-08 18:19:53.114","2026-04-08 18:19:53.114","5.325","BEADS","Кольорові серця - імітатор нефриту 15х17мм"
"cmnqdkd030004l804fbv610yt","Паракорд 6мм","метри","5",,"2026-04-08 18:21:49.395","2026-04-08 18:21:49.395","59.66","CORDS","Дитячий синій №21"
"cmnqf1iuf0005jp04dea15pna","Тиш’ю-папір","шт","100",,"2026-04-08 19:03:09.735","2026-04-08 19:03:27.931","2.35","HARDWARE","50х70мм"
"cmnqf86vb0006jp04iactr7ht","Брелкові намистини","шт","100",,"2026-04-08 19:08:20.808","2026-04-08 19:08:20.808","0.6","BEADS","Темно-коричневий деревʼяний"
"cmnqf8yrl0007jp04sjuq8s90","Брелкові намистини","шт","60",,"2026-04-08 19:08:56.961","2026-04-08 19:08:56.961","1.167","BEADS","Спортивні кульки"
"cmnqfa2ln0006l804d9x5xqxw","Брелкові намистини","шт","50",,"2026-04-08 19:09:48.587","2026-04-08 19:09:48.587","2.38","BEADS","Блакитні деревʼяні 16мм"
"cmnqfb8ys0001l504pg4bayr9","Паракорд 6мм","метри","5",,"2026-04-08 19:10:43.4","2026-04-08 19:10:43.4","59.4","CORDS","Синій №10"
"cmnqfb8yt0002l5045rtntt4w","Паракорд 6мм","метри","5",,"2026-04-08 19:10:43.4","2026-04-08 19:10:43.4","59.4","CORDS","Рожевий №22"
"cmnqfcqsh0008jp040ywek47u","Металеві застібки та ручка затискачка","шт","100",,"2026-04-08 19:11:53.249","2026-04-08 19:12:15.736","0.76","HARDWARE",""
"cmnqfesr80007l804tps8w6g9","Круглі карабіни","шт","32",,"2026-04-08 19:13:29.108","2026-04-08 19:30:16.766","4.344","HARDWARE","Золотий"
"cmnqft2id0008l8046kdp2bdb","Стандарт карабін","шт","11",,"2026-04-08 19:24:34.842","2026-04-08 19:24:34.842","14.2","HARDWARE","Чорний"
"cmnqft2id0009l80485woxned","Стандарт карабін","шт","10",,"2026-04-08 19:24:34.842","2026-04-08 19:24:34.842","15.4","HARDWARE","Срібло"
"cmnqfvht6000al804rd6u4s1z","Максі карабін","шт","6",,"2026-04-08 19:26:28.074","2026-04-08 19:26:28.074","24.667","HARDWARE","Срібло"
"cmnqfxo700003l504swbnoeav","Трикотажна пряжа Китай","шт","2",,"2026-04-08 19:28:09.565","2026-04-08 19:28:09.565","197.5","THREADS","Жовтий 200м"
"cmnqfxo700004l504rhdddty5","Трикотажна пряжа Китай","шт","2",,"2026-04-08 19:28:09.565","2026-04-08 19:28:09.565","197.5","THREADS","Блакитний 200м"
"cmnqfxo700005l504dpvtl8ui","Трикотажна пряжа Китай","шт","2",,"2026-04-08 19:28:09.565","2026-04-08 19:28:09.565","197.5","THREADS","Блакитно-білий 200м"
"cmnqfyfb4000bl804k077nkla","Металева пряжа","шт","3",,"2026-04-08 19:28:44.8","2026-04-08 19:28:44.8","96.667","THREADS","Срібло"
"cmnqfz6dq0006l504hh1imtkd","Круглі карабіни","шт","50",,"2026-04-08 19:29:19.886","2026-04-08 19:30:17.168","3.86","HARDWARE","Срібло"